codice_psn;nome_indagine;tipo_rispondente;fonte_classificazione;nota_classificazione
ACT-00001;Conti Pubblici Territoriali;da_verificare;psn_2.pdf, pagina 4;Il titolo non distingue con certezza il rispondente dal soggetto osservato.
EMR-00028;Rilevazione delle tipologie e caratteristiche dei clienti negli esercizi ricettivi;da_verificare;psn_2.pdf, pagina 6;Il titolo non distingue con certezza il rispondente dal soggetto osservato.
ENT-00007;Rilevazione statistica sulle imprese nel campo delle biotecnologie;imprese;psn_2.pdf, pagina 4;"Classificazione di lavoro inferita dalla denominazione; non è una classificazione ufficiale del PDF."
GSE-00001;Rilevazione degli impieghi di fonti rinnovabili di energia nel settore termico;da_verificare;psn_2.pdf, pagina 4;Il titolo non distingue con certezza il rispondente dal soggetto osservato.
IAP-00002;Rilevazione longitudinale su imprese e lavoro;imprese;psn_2.pdf, pagina 4;"Classificazione di lavoro inferita dalla denominazione; non è una classificazione ufficiale del PDF."
IAP-00004;PLUS: Partecipation Labour UnemploymentSurvey - Indagine campionaria nazionale sulle caratteristiche e le aspettative degli individui sul lavoro;famiglie_individui;psn_2.pdf, pagina 4;"Classificazione di lavoro inferita dalla denominazione; non è una classificazione ufficiale del PDF."
IAP-00006;Indagine sulla conoscenza nelle imprese (INDACO - CVTS);imprese;psn_2.pdf, pagina 4;"Classificazione di lavoro inferita dalla denominazione; non è una classificazione ufficiale del PDF."
IAP-00009;La qualità del lavoro in Italia;da_verificare;psn_2.pdf, pagina 4;Il titolo non distingue con certezza il rispondente dal soggetto osservato.
IAP-00012;Rilevazione statistica sugli Investimenti Intangibili (Intangible Assets Survey);da_verificare;psn_2.pdf, pagina 4;Il titolo non distingue con certezza il rispondente dal soggetto osservato.
IAP-00013;Indagine sull’Offerta di formazione professionale (OFP);da_verificare;psn_2.pdf, pagina 4;Il titolo non distingue con certezza il rispondente dal soggetto osservato.
IAP-00017;Indagine campionaria sull’economia delle piattaforme digitali (IPLAT);da_verificare;psn_2.pdf, pagina 4;Il titolo non distingue con certezza il rispondente dal soggetto osservato.
ISS-00027;Registro Procreazione Medicalmente Assistita (PMA);da_verificare;psn_2.pdf, pagina 4;Il titolo non distingue con certezza il rispondente dal soggetto osservato.
IST-00050;Rilevazione sull’occupazione, orari di lavoro, retribuzioni e costo del lavoro nelle grandi imprese;imprese;psn_2.pdf, pagina 2;"Classificazione di lavoro inferita dalla denominazione; non è una classificazione ufficiale del PDF."
IST-00066;Rilevazione statistica sull’innovazione nelle imprese;imprese;psn_2.pdf, pagina 2;"Classificazione di lavoro inferita dalla denominazione; non è una classificazione ufficiale del PDF."
IST-00070;Rilevazione annuale della produzione industriale (Prodcom);imprese;psn_2.pdf, pagina 2;"Classificazione di lavoro inferita dalla denominazione; non è una classificazione ufficiale del PDF."
IST-00088;Dimesse dagli istituti di cura per aborto spontaneo;da_verificare;psn_2.pdf, pagina 2;Il titolo non distingue con certezza il rispondente dal soggetto osservato.
IST-00089;Interruzioni volontarie della gravidanza;da_verificare;psn_2.pdf, pagina 2;Il titolo non distingue con certezza il rispondente dal soggetto osservato.
IST-00092;Indagine rapida sulle donne dimesse per aborto spontaneo;da_verificare;psn_2.pdf, pagina 2;Il titolo non distingue con certezza il rispondente dal soggetto osservato.
IST-00095;Indagine su Decessi e Cause di morte;da_verificare;psn_2.pdf, pagina 2;Il titolo non distingue con certezza il rispondente dal soggetto osservato.
IST-00103;Rilevazione mensile dei prezzi dei prodotti acquistati e venduti dagli agricoltori;da_verificare;psn_2.pdf, pagina 3;Il titolo non distingue con certezza il rispondente dal soggetto osservato.
IST-00107;Rilevazione dei prezzi al consumo per il calcolo delle parità internazionali di potere acquisto (Ppa);imprese;psn_1.pdf, pagina 4;"Tipologia esplicitata nella colonna Soggetti sanzionabili; usata solo per classificare, non per generare indicazioni normative."
IST-00110;Importazioni ed esportazioni di beni con i paesi extra Ue;da_verificare;psn_2.pdf, pagina 2;Il titolo non distingue con certezza il rispondente dal soggetto osservato.
IST-00111;Spedizioni e arrivi di beni con i paesi UE (sistema Intrastat);da_verificare;psn_2.pdf, pagina 2;Il titolo non distingue con certezza il rispondente dal soggetto osservato.
IST-00139;Movimento dei clienti negli esercizi ricettivi;da_verificare;psn_2.pdf, pagina 3;Il titolo non distingue con certezza il rispondente dal soggetto osservato.
IST-00145;Indagine sul trasporto aereo;da_verificare;psn_2.pdf, pagina 3;Il titolo non distingue con certezza il rispondente dal soggetto osservato.
IST-00146;Trasporto merci su strada;imprese;psn_1.pdf, pagina 4;"Tipologia esplicitata nella colonna Soggetti sanzionabili; usata solo per classificare, non per generare indicazioni normative."
IST-00151;Rilevazione mensile delle vendite al dettaglio;imprese;psn_1.pdf, pagina 4;"Tipologia esplicitata nella colonna Soggetti sanzionabili; usata solo per classificare, non per generare indicazioni normative."
IST-00163;Macellazione mensile ed annuale del bestiame a carni rosse e bianche;da_verificare;psn_2.pdf, pagina 3;Il titolo non distingue con certezza il rispondente dal soggetto osservato.
IST-00167;Distribuzione, per uso agricolo, dei fertilizzanti (concimi, ammendanti e correttivi);da_verificare;psn_2.pdf, pagina 3;Il titolo non distingue con certezza il rispondente dal soggetto osservato.
IST-00168;Distribuzione, per uso agricolo, dei prodotti fitosanitari;da_verificare;psn_2.pdf, pagina 3;Il titolo non distingue con certezza il rispondente dal soggetto osservato.
IST-00173;Consistenza del bestiame bovino, bufalino, suino e ovi-caprino;da_verificare;psn_2.pdf, pagina 3;Il titolo non distingue con certezza il rispondente dal soggetto osservato.
IST-00175;Indagine mensile e annuale sul latte e sui prodotti lattiero-caseari;da_verificare;psn_2.pdf, pagina 3;Il titolo non distingue con certezza il rispondente dal soggetto osservato.
IST-00192;Indagine sulle intenzioni di semina di alcune colture erbacee;da_verificare;psn_2.pdf, pagina 3;Il titolo non distingue con certezza il rispondente dal soggetto osservato.
IST-00204;Multiscopo sulle famiglie: aspetti della vita quotidiana;famiglie_individui;psn_2.pdf, pagina 2;"Classificazione di lavoro inferita dalla denominazione; non è una classificazione ufficiale del PDF."
IST-00209;Indagine sulla produzione libraria;da_verificare;psn_2.pdf, pagina 3;Il titolo non distingue con certezza il rispondente dal soggetto osservato.
IST-00220;Indagine sull’inserimento professionale dei laureati;famiglie_individui;psn_2.pdf, pagina 2;"Classificazione di lavoro inferita dalla denominazione; non è una classificazione ufficiale del PDF."
IST-00232;Bilanci consuntivi delle camere di commercio;altro;psn_1.pdf, pagina 4;"Tipologia esplicitata nella colonna Soggetti sanzionabili; usata solo per classificare, non per generare indicazioni normative."
IST-00233;Rilevazione dei bilanci consuntivi degli enti previdenziali;altro;psn_2.pdf, pagina 3;"Classificazione di lavoro inferita dalla denominazione; non è una classificazione ufficiale del PDF."
IST-00243;Presidi residenziali socio-assistenziali e socio-sanitari;altro;psn_2.pdf, pagina 2;"Classificazione di lavoro inferita dalla denominazione; non è una classificazione ufficiale del PDF."
IST-00564;Rilevazione statistica dei permessi di costruire;altro;psn_1.pdf, pagina 4;"Tipologia esplicitata nella colonna Soggetti sanzionabili; usata solo per classificare, non per generare indicazioni normative."
IST-00706;Indagine sui percorsi di studio e di lavoro dei diplomati delle scuole secondarie di II grado;famiglie_individui;psn_2.pdf, pagina 2;"Classificazione di lavoro inferita dalla denominazione; non è una classificazione ufficiale del PDF."
IST-00792;Indagine sull’utilizzo dei prodotti fitosanitari nelle coltivazioni agricole;da_verificare;psn_2.pdf, pagina 3;Il titolo non distingue con certezza il rispondente dal soggetto osservato.
IST-00818;Trasporto marittimo;da_verificare;psn_2.pdf, pagina 3;Il titolo non distingue con certezza il rispondente dal soggetto osservato.
IST-00925;Rilevazione sulle forze di lavoro (Rfl);famiglie_individui;psn_2.pdf, pagina 2;"Classificazione di lavoro inferita dalla denominazione; non è una classificazione ufficiale del PDF."
IST-01175;Rilevazione sulle tecnologie dell’informazione e della comunicazione nelle imprese;imprese;psn_2.pdf, pagina 3;"Classificazione di lavoro inferita dalla denominazione; non è una classificazione ufficiale del PDF."
IST-01203;Rilevazione sulla struttura delle retribuzioni e del costo del lavoro;da_verificare;psn_2.pdf, pagina 2;Il titolo non distingue con certezza il rispondente dal soggetto osservato.
IST-01369;Indagine mensile sulla produzione industriale;imprese;psn_1.pdf, pagina 4;"Tipologia esplicitata nella colonna Soggetti sanzionabili; usata solo per classificare, non per generare indicazioni normative."
IST-01370;Indagine mensile su fatturato dell’industria;imprese;psn_1.pdf, pagina 4;"Tipologia esplicitata nella colonna Soggetti sanzionabili; usata solo per classificare, non per generare indicazioni normative."
IST-01381;Indagine trimestrale su posti vacanti ed ore lavorate (VELA);imprese;psn_1.pdf, pagina 4;"Tipologia esplicitata nella colonna Soggetti sanzionabili; usata solo per classificare, non per generare indicazioni normative."
IST-01395;Indagine sul reddito e le condizioni di vita (EU-SILC);famiglie_individui;psn_2.pdf, pagina 2;"Classificazione di lavoro inferita dalla denominazione; non è una classificazione ufficiale del PDF."
IST-01646;Trasporto ferroviario;da_verificare;psn_2.pdf, pagina 3;Il titolo non distingue con certezza il rispondente dal soggetto osservato.
IST-01858;Indagine multiscopo sull'uso del tempo del tempo;famiglie_individui;psn_2.pdf, pagina 2;"Classificazione di lavoro inferita dalla denominazione; non è una classificazione ufficiale del PDF."
IST-01863;Multiscopo sulle famiglie: sicurezza dei cittadini;famiglie_individui;psn_2.pdf, pagina 2;"Classificazione di lavoro inferita dalla denominazione; non è una classificazione ufficiale del PDF."
IST-01905;Indici spaziali dei prezzi al consumo;da_verificare;psn_2.pdf, pagina 3;Il titolo non distingue con certezza il rispondente dal soggetto osservato.
IST-01930;Rilevazione sulle attività delle imprese a controllo estero residenti in Italia;imprese;psn_2.pdf, pagina 3;"Classificazione di lavoro inferita dalla denominazione; non è una classificazione ufficiale del PDF."
IST-01931;Rilevazione sulle attività estere delle imprese a controllo nazionale;imprese;psn_2.pdf, pagina 3;"Classificazione di lavoro inferita dalla denominazione; non è una classificazione ufficiale del PDF."
IST-01940;Indagine sull'inserimento professionale dei dottori di ricerca;famiglie_individui;psn_2.pdf, pagina 2;"Classificazione di lavoro inferita dalla denominazione; non è una classificazione ufficiale del PDF."
IST-02042;Indagine sui prezzi relativi all’acquisto e al possesso dell’abitazione;da_verificare;psn_2.pdf, pagina 3;Il titolo non distingue con certezza il rispondente dal soggetto osservato.
IST-02066;Indagine su Condizione e integrazione sociale dei cittadini stranieri;famiglie_individui;psn_2.pdf, pagina 2;"Classificazione di lavoro inferita dalla denominazione; non è una classificazione ufficiale del PDF."
IST-02191;Uso delle risorse idriche;da_verificare;psn_2.pdf, pagina 3;Il titolo non distingue con certezza il rispondente dal soggetto osservato.
IST-02192;Censimento delle acque per uso civile;da_verificare;psn_2.pdf, pagina 3;Il titolo non distingue con certezza il rispondente dal soggetto osservato.
IST-02260;Multiscopo sulle famiglie: sicurezza delle donne;famiglie_individui;psn_2.pdf, pagina 2;"Classificazione di lavoro inferita dalla denominazione; non è una classificazione ufficiale del PDF."
IST-02300;Rilevazione territoriale prezzi al consumo;da_verificare;psn_2.pdf, pagina 3;Il titolo non distingue con certezza il rispondente dal soggetto osservato.
IST-02301;Rilevazione centralizzata prezzi al consumo;da_verificare;psn_2.pdf, pagina 4;Il titolo non distingue con certezza il rispondente dal soggetto osservato.
IST-02303;Aggiornamento dei panieri, dei pesi e del campione d’indagine, per il ribasamento annuale del sistema degli indici dei prezzi al consumo;da_verificare;psn_2.pdf, pagina 4;Il titolo non distingue con certezza il rispondente dal soggetto osservato.
IST-02346;Indagine sulla struttura delle aziende agricole - Censimento permanente dell’agricoltura;imprese;psn_2.pdf, pagina 3;"Classificazione di lavoro inferita dalla denominazione; non è una classificazione ufficiale del PDF."
IST-02396;Indagine sulle spese delle famiglie;famiglie_individui;psn_2.pdf, pagina 2;"Classificazione di lavoro inferita dalla denominazione; non è una classificazione ufficiale del PDF."
IST-02418;Rilevazione dei prezzi all’importazione di beni e servizi;imprese;psn_1.pdf, pagina 4;"Tipologia esplicitata nella colonna Soggetti sanzionabili; usata solo per classificare, non per generare indicazioni normative."
IST-02424;Indagine sui musei e le istituzioni similari;altro;psn_2.pdf, pagina 3;"Classificazione di lavoro inferita dalla denominazione; non è una classificazione ufficiale del PDF."
IST-02493;Sistema Integrato Censimento permanente e Indagini sociali, componente areale;famiglie_individui;psn_2.pdf, pagina 2;"Classificazione di lavoro inferita dalla denominazione; non è una classificazione ufficiale del PDF."
IST-02494;Sistema Integrato Censimento permanente e Indagini sociali, componente da lista;famiglie_individui;psn_2.pdf, pagina 2;"Classificazione di lavoro inferita dalla denominazione; non è una classificazione ufficiale del PDF."
IST-02514;Indagine sui consumi energetici delle famiglie;famiglie_individui;psn_2.pdf, pagina 3;"Classificazione di lavoro inferita dalla denominazione; non è una classificazione ufficiale del PDF."
IST-02518;Indagine sulla fiducia delle imprese dei servizi;imprese;psn_2.pdf, pagina 3;"Classificazione di lavoro inferita dalla denominazione; non è una classificazione ufficiale del PDF."
IST-02519;Indagine sulla fiducia delle imprese di costruzione;imprese;psn_2.pdf, pagina 3;"Classificazione di lavoro inferita dalla denominazione; non è una classificazione ufficiale del PDF."
IST-02521;Indagine sulla fiducia delle imprese del commercio al dettaglio;imprese;psn_2.pdf, pagina 3;"Classificazione di lavoro inferita dalla denominazione; non è una classificazione ufficiale del PDF."
IST-02522;Indice mensile di produzione nelle costruzioni;da_verificare;psn_2.pdf, pagina 3;Il titolo non distingue con certezza il rispondente dal soggetto osservato.
IST-02529;Indagine sulla fiducia delle imprese manifatturiere;imprese;psn_2.pdf, pagina 3;"Classificazione di lavoro inferita dalla denominazione; non è una classificazione ufficiale del PDF."
IST-02530;Indagine sulla fiducia dei consumatori;famiglie_individui;psn_2.pdf, pagina 2;"Classificazione di lavoro inferita dalla denominazione; non è una classificazione ufficiale del PDF."
IST-02538;Rilevazione di Informazioni, Dati e Documenti necessari alla Classificazione di Unità Economiche nei settori istituzionali stabiliti dal Sistema Europeo dei Conti 2010 (SEC 2010);da_verificare;psn_2.pdf, pagina 3;Il titolo non distingue con certezza il rispondente dal soggetto osservato.
IST-02565;Indagine europea sulla salute (EHIS);famiglie_individui;psn_2.pdf, pagina 2;"Classificazione di lavoro inferita dalla denominazione; non è una classificazione ufficiale del PDF."
IST-02568;Servizi prestati e ricevuti con Paesi UE;da_verificare;psn_2.pdf, pagina 3;Il titolo non distingue con certezza il rispondente dal soggetto osservato.
IST-02575;Censimenti permanenti delle unità economiche - Rilevazione censuaria delle Istituzioni Pubbliche;altro;psn_1.pdf, pagina 5;"Tipologia esplicitata nella colonna Soggetti sanzionabili; usata solo per classificare, non per generare indicazioni normative."
IST-02578;Censimenti permanenti delle unità economiche - Rilevazione campionaria sulle Istituzioni Non Profit;altro;psn_2.pdf, pagina 3;"Classificazione di lavoro inferita dalla denominazione; non è una classificazione ufficiale del PDF."
IST-02586;Rilevazione campionaria di controllo della copertura di ASIA, di aggiornamento delle unità locali (IULGI) e di completamento dei registri satellite;imprese;psn_1.pdf, pagina 5;"Tipologia esplicitata nella colonna Soggetti sanzionabili; usata solo per classificare, non per generare indicazioni normative."
IST-02617;Indagine multiscopo sui cittadini e il tempo libero;famiglie_individui;psn_2.pdf, pagina 3;"Classificazione di lavoro inferita dalla denominazione; non è una classificazione ufficiale del PDF."
IST-02623;Censimenti permanenti delle unità economiche - Rilevazione multiscopo qualitativa sulle imprese;imprese;psn_2.pdf, pagina 3;"Classificazione di lavoro inferita dalla denominazione; non è una classificazione ufficiale del PDF."
IST-02627;Indagine sulle famiglie e i soggetti sociali;famiglie_individui;psn_2.pdf, pagina 2;"Classificazione di lavoro inferita dalla denominazione; non è una classificazione ufficiale del PDF."
IST-02630;Rilevazione del fatturato dei servizi;imprese;psn_1.pdf, pagina 5;"Tipologia esplicitata nella colonna Soggetti sanzionabili; usata solo per classificare, non per generare indicazioni normative."
IST-02650;Rilevazione dei prezzi alla produzione dell’industria;imprese;psn_1.pdf, pagina 5;"Tipologia esplicitata nella colonna Soggetti sanzionabili; usata solo per classificare, non per generare indicazioni normative."
IST-02657;Rilevazione dei prezzi al consumo tramite acquisizione degli scanner data;da_verificare;psn_2.pdf, pagina 4;Il titolo non distingue con certezza il rispondente dal soggetto osservato.
IST-02666;Rilevazione dei prezzi al consumo su Internet mediante tecniche di web scraping;da_verificare;psn_2.pdf, pagina 4;Il titolo non distingue con certezza il rispondente dal soggetto osservato.
IST-02678;Rilevazione dei prezzi alla produzione dei servizi;imprese;psn_1.pdf, pagina 5;"Tipologia esplicitata nella colonna Soggetti sanzionabili; usata solo per classificare, non per generare indicazioni normative."
IST-02698;Rilevazione statistica sulla Ricerca e sviluppo;da_verificare;psn_2.pdf, pagina 3;Il titolo non distingue con certezza il rispondente dal soggetto osservato.
IST-02726;Indagine sulle discriminazioni;famiglie_individui;psn_2.pdf, pagina 2;"Classificazione di lavoro inferita dalla denominazione; non è una classificazione ufficiale del PDF."
IST-02733;Rilevazioni sull'utenza dei centri antiviolenza;da_verificare;psn_2.pdf, pagina 2;Il titolo non distingue con certezza il rispondente dal soggetto osservato.
IST-02746;Indagine di copertura sui prodotti e sui servizi;da_verificare;psn_2.pdf, pagina 3;Il titolo non distingue con certezza il rispondente dal soggetto osservato.
IST-02770;Rilevazione flussi intragruppo dei principali gruppi di imprese;imprese;psn_2.pdf, pagina 3;"Classificazione di lavoro inferita dalla denominazione; non è una classificazione ufficiale del PDF."
IST-02771;Quantificazioni e descrizione del traffico veicolare;da_verificare;psn_2.pdf, pagina 3;Il titolo non distingue con certezza il rispondente dal soggetto osservato.
IST-02777;Indagine sulle biblioteche;altro;psn_2.pdf, pagina 3;"Classificazione di lavoro inferita dalla denominazione; non è una classificazione ufficiale del PDF."
IST-02788;Indagine sull’uso dell’ICT da parte di individui e famiglie;famiglie_individui;psn_2.pdf, pagina 2;"Classificazione di lavoro inferita dalla denominazione; non è una classificazione ufficiale del PDF."
IST-02816;"Indagine ""Formazione degli adulti (AES)""";famiglie_individui;psn_2.pdf, pagina 2;"Classificazione di lavoro inferita dalla denominazione; non è una classificazione ufficiale del PDF."
IST-02817;Rilevazione sugli elementi identificativi, risorse e attività degli uffici di statistica del Sistan (Eup);altro;psn_2.pdf, pagina 3;"Classificazione di lavoro inferita dalla denominazione; non è una classificazione ufficiale del PDF."
IST-02818;Rilevazione dei prezzi di beni di investimento per il calcolo delle parità internazionali di potere acquisto (Ppa);imprese;psn_1.pdf, pagina 5;"Tipologia esplicitata nella colonna Soggetti sanzionabili; usata solo per classificare, non per generare indicazioni normative."
IST-02819;Elaborazione dei dati acquisiti da fonti amministrative per la rilevazione dei prezzi di beni e servizi per il calcolo delle parità internazionali di potere acquisto (Ppa);da_verificare;psn_2.pdf, pagina 4;Il titolo non distingue con certezza il rispondente dal soggetto osservato.
IST-02820;Indagine sugli stereotipi sui ruoli di genere e l’immagine sociale della violenza nella popolazione adulta;famiglie_individui;psn_2.pdf, pagina 2;"Classificazione di lavoro inferita dalla denominazione; non è una classificazione ufficiale del PDF."
IST-02822;Modulo ad hoc - 2023 Pensioni;da_verificare;psn_2.pdf, pagina 2;Il titolo non distingue con certezza il rispondente dal soggetto osservato.
IST-02835;Modulo ad hoc 2024 - Giovani e mercato del lavoro;da_verificare;psn_2.pdf, pagina 2;Il titolo non distingue con certezza il rispondente dal soggetto osservato.
IST-02839;Rilevazione su consumo e produzione di prodotti energetici delle imprese;imprese;psn_2.pdf, pagina 3;"Classificazione di lavoro inferita dalla denominazione; non è una classificazione ufficiale del PDF."
IST-02841;Rilevazione sul Sistema dei conti delle grandi imprese;imprese;psn_2.pdf, pagina 3;"Classificazione di lavoro inferita dalla denominazione; non è una classificazione ufficiale del PDF."
IST-02842;Rilevazione sulle piccole e medie imprese e sull’esercizio di arti e professioni;imprese;psn_2.pdf, pagina 3;"Classificazione di lavoro inferita dalla denominazione; non è una classificazione ufficiale del PDF."
IST-02845;Indagine multiscopo sulle aziende agricole - Censimento permanente dell’agricoltura;imprese;psn_2.pdf, pagina 3;"Classificazione di lavoro inferita dalla denominazione; non è una classificazione ufficiale del PDF."
IST-02846;Rilevazione sulle attività di supporto e consulenza alla produzione primaria;da_verificare;psn_2.pdf, pagina 3;Il titolo non distingue con certezza il rispondente dal soggetto osservato.
IST-02849;Rilevazione delle attività economiche per l’implementazione della nuova classificazione Ateco;da_verificare;psn_2.pdf, pagina 3;Il titolo non distingue con certezza il rispondente dal soggetto osservato.
IST-02861;Modulo ad hoc - 2026 Digital platform;da_verificare;psn_2.pdf, pagina 2;Il titolo non distingue con certezza il rispondente dal soggetto osservato.
IST-02862;Modulo ad hoc - 2025 Reconciliation between work and family;da_verificare;psn_2.pdf, pagina 2;Il titolo non distingue con certezza il rispondente dal soggetto osservato.
IST-02875;Rilevazione sulle prestazioni e servizi offerti dai Centri antiviolenza;altro;psn_2.pdf, pagina 2;"Classificazione di lavoro inferita dalla denominazione; non è una classificazione ufficiale del PDF."
IST-02876;Rilevazione sulle utenti delle Case rifugio;da_verificare;psn_2.pdf, pagina 2;Il titolo non distingue con certezza il rispondente dal soggetto osservato.
IST-02882;Rilevazione sulle catene globali del valore e sull'internazionalizzazione delle imprese (GVC);imprese;psn_2.pdf, pagina 3;"Classificazione di lavoro inferita dalla denominazione; non è una classificazione ufficiale del PDF."
LIG-00006;Elaborazione sulle biblioteche liguri;altro;psn_2.pdf, pagina 6;"Classificazione di lavoro inferita dalla denominazione; non è una classificazione ufficiale del PDF."
LPR-00149;Valutazione dei percorsi di inclusione attiva della misura di contrasto alla povertà;da_verificare;psn_2.pdf, pagina 5;Il titolo non distingue con certezza il rispondente dal soggetto osservato.
MIT-00013;Dati economici e fisici di società ed imprese ferroviarie;imprese;psn_2.pdf, pagina 5;"Classificazione di lavoro inferita dalla denominazione; non è una classificazione ufficiale del PDF."
MIT-00018;Trasporto pubblico locale;da_verificare;psn_2.pdf, pagina 5;Il titolo non distingue con certezza il rispondente dal soggetto osservato.
MIT-00020;Trasporti per condotta;da_verificare;psn_2.pdf, pagina 5;Il titolo non distingue con certezza il rispondente dal soggetto osservato.
MIT-00023;Spese sostenute da società private operanti nel settore dei trasporti;imprese;psn_2.pdf, pagina 5;"Classificazione di lavoro inferita dalla denominazione; non è una classificazione ufficiale del PDF."
MIT-00024;Collegamenti marittimi con le Isole;da_verificare;psn_2.pdf, pagina 5;Il titolo non distingue con certezza il rispondente dal soggetto osservato.
MSE-00008;"Indagine annuale sulla Grande distribuzione: Despecializzata (grandi magazzini, supermercati, ipermercati, minimercati); Specializzata (Grandi Superfici Specializzate)";da_verificare;psn_2.pdf, pagina 5;Il titolo non distingue con certezza il rispondente dal soggetto osservato.
MSE-00017;Prezzi prodotti agroalimentari all’ingrosso;da_verificare;psn_2.pdf, pagina 5;Il titolo non distingue con certezza il rispondente dal soggetto osservato.
MTE-00001;Importazione, esportazione e consumo di prodotti carboniferi (ex MSE-00005);imprese;psn_1.pdf, pagina 5;"Tipologia esplicitata nella colonna Soggetti sanzionabili; usata solo per classificare, non per generare indicazioni normative."
MTE-00002;Importazione, esportazione e consumo di prodotti petroliferi (ex MSE-00009);imprese;psn_1.pdf, pagina 5;"Tipologia esplicitata nella colonna Soggetti sanzionabili; usata solo per classificare, non per generare indicazioni normative."
MTE-00004;Prezzi settimanali di alcuni prodotti petroliferi (ex MSE-00012);imprese;psn_1.pdf, pagina 5;"Tipologia esplicitata nella colonna Soggetti sanzionabili; usata solo per classificare, non per generare indicazioni normative."
MTE-00005;Produzione dell’industria petrolchimica (ex MSE-00014);imprese;psn_1.pdf, pagina 5;"Tipologia esplicitata nella colonna Soggetti sanzionabili; usata solo per classificare, non per generare indicazioni normative."
PAB-00043;Censimento linguistico;da_verificare;psn_2.pdf, pagina 6;Il titolo non distingue con certezza il rispondente dal soggetto osservato.
PAC-00060;Indagine sull’acquacoltura;da_verificare;psn_2.pdf, pagina 4;Il titolo non distingue con certezza il rispondente dal soggetto osservato.
PAT-00007;Condizioni di vita delle famiglie trentine;famiglie_individui;psn_2.pdf, pagina 6;"Classificazione di lavoro inferita dalla denominazione; non è una classificazione ufficiale del PDF."
PAT-00038;Rilevazione sui servizi socio-educativi per la prima infanzia;altro;psn_2.pdf, pagina 6;"Classificazione di lavoro inferita dalla denominazione; non è una classificazione ufficiale del PDF."
PAT-00039;Indagine Panel sulle microimprese della provincia di Trento;imprese;psn_2.pdf, pagina 6;"Classificazione di lavoro inferita dalla denominazione; non è una classificazione ufficiale del PDF."
PCM-00033;Le adozioni internazionali;da_verificare;psn_2.pdf, pagina 5;Il titolo non distingue con certezza il rispondente dal soggetto osservato.
PCM-00043;Indagine sul carico amministrativo per le piccole e medie imprese;imprese;psn_2.pdf, pagina 5;"Classificazione di lavoro inferita dalla denominazione; non è una classificazione ufficiale del PDF."
PCM-00044;Indagine sul carico amministrativo per i cittadini;famiglie_individui;psn_2.pdf, pagina 5;"Classificazione di lavoro inferita dalla denominazione; non è una classificazione ufficiale del PDF."
PUI-00001;Rilevazione sulle scuole statali e non statali;altro;psn_2.pdf, pagina 5;"Classificazione di lavoro inferita dalla denominazione; non è una classificazione ufficiale del PDF."
PUI-00006;Esiti degli esami di Stato della scuola secondaria di I e II grado;da_verificare;psn_2.pdf, pagina 5;Il titolo non distingue con certezza il rispondente dal soggetto osservato.
SAL-00004;Attività gestionali ed economiche delle Asl - assistenza specialistica ambulatoriale;da_verificare;psn_2.pdf, pagina 5;Il titolo non distingue con certezza il rispondente dal soggetto osservato.
SAL-00006;Attività gestionali ed economiche delle Asl - personale dipendente degli istituti di cura;da_verificare;psn_2.pdf, pagina 5;Il titolo non distingue con certezza il rispondente dal soggetto osservato.
SAL-00007;Attività gestionali ed economiche delle Asl - rilevazione degli istituti di cura (attività degli istituti);da_verificare;psn_2.pdf, pagina 5;Il titolo non distingue con certezza il rispondente dal soggetto osservato.
SAL-00008;Attività gestionali ed economiche delle Asl - rilevazione degli istituti di cura (caratteristiche strutturali);da_verificare;psn_2.pdf, pagina 5;Il titolo non distingue con certezza il rispondente dal soggetto osservato.
SAL-00010;Attività gestionali ed economiche delle Asl - grandi apparecchiature degli istituti di cura pubblici e privati;da_verificare;psn_2.pdf, pagina 5;Il titolo non distingue con certezza il rispondente dal soggetto osservato.
SAL-00018;Dimessi dagli istituti di cura pubblici e privati;da_verificare;psn_2.pdf, pagina 5;Il titolo non distingue con certezza il rispondente dal soggetto osservato.
SAL-00025;Attività gestionali ed economiche delle Asl - assistenza sanitaria semiresidenziale e residenziale;da_verificare;psn_2.pdf, pagina 5;Il titolo non distingue con certezza il rispondente dal soggetto osservato.
SAL-00026;Attività gestionali ed economiche delle Asl - istituti o centri di riabilitazione ex art.26 legge 833/1978;da_verificare;psn_2.pdf, pagina 5;Il titolo non distingue con certezza il rispondente dal soggetto osservato.
SAL-00034;Sistema di identificazione e registrazione (degli operatori, degli stabilimenti e degli animali);da_verificare;psn_2.pdf, pagina 5;Il titolo non distingue con certezza il rispondente dal soggetto osservato.
SAL-00038;Certificato di assistenza al parto;da_verificare;psn_2.pdf, pagina 5;Il titolo non distingue con certezza il rispondente dal soggetto osservato.
TER-00001;Statistica annuale della produzione e del consumo di energia elettrica in Italia;da_verificare;psn_2.pdf, pagina 6;Il titolo non distingue con certezza il rispondente dal soggetto osservato.
TER-00007;Produzione e utilizzo di calore da impianti di cogenerazione elettrica;da_verificare;psn_2.pdf, pagina 6;Il titolo non distingue con certezza il rispondente dal soggetto osservato.
TES-00021;Conto annuale delle spese di personale delle amministrazioni pubbliche;altro;psn_1.pdf, pagina 5;"Tipologia esplicitata nella colonna Soggetti sanzionabili; usata solo per classificare, non per generare indicazioni normative."
TES-00024;Relazione allegata al Conto Annuale delle spese di personale;altro;psn_1.pdf, pagina 5;"Tipologia esplicitata nella colonna Soggetti sanzionabili; usata solo per classificare, non per generare indicazioni normative."
TES-00034;Indagine congiunturale trimestrale delle spese del personale dei comuni, delle province e degli enti del servizio sanitario nazionale (monitoraggio trimestrale);altro;psn_1.pdf, pagina 5;"Tipologia esplicitata nella colonna Soggetti sanzionabili; usata solo per classificare, non per generare indicazioni normative."
UCC-00007;Sistema informativo per l’occupazione e la formazione, Excelsior;da_verificare;psn_2.pdf, pagina 6;Il titolo non distingue con certezza il rispondente dal soggetto osservato.
UCC-00024;Indagine sull’occupazione/prenotazione delle camere nelle imprese ricettive italiane;imprese;psn_2.pdf, pagina 6;"Classificazione di lavoro inferita dalla denominazione; non è una classificazione ufficiale del PDF."
UCC-00027;Rilevazione delle variazioni dei prezzi dei materiali da costruzione più significativi;da_verificare;psn_2.pdf, pagina 6;Il titolo non distingue con certezza il rispondente dal soggetto osservato.
